Bot,Wins_ABE_3,Wins_ABE_4,Wins_ABE_5,Wins_AB_3,Wins_AB_4,Wins_AB_5,Wins_MC_1000,Wins_MC_10000,Wins_MC_5000,Opponent_Heuristic_ABE_3,Opponent_Heuristic_ABE_4,Opponent_Heuristic_ABE_5,Opponent_Heuristic_AB_3,Opponent_Heuristic_AB_4,Opponent_Heuristic_AB_5,Opponent_Heuristic_MC_1000,Opponent_Heuristic_MC_10000,Opponent_Heuristic_MC_5000,Average_Heuristic
ABE_3,,,,0.0,60.0,60.0,15.0,1.0,0.0,,,,0.0,0.0,0.0,6.469094189892084,0.5396187158932683,1.650072643423456,1.4431309248681348
ABE_4,,,,60.0,30.0,30.0,17.0,0.0,3.0,,,,0.0,165.1631862506465,28.079741435350606,6.772659057207473,0.839475208194689,0.9449769737001197,33.6333398208499
ABE_5,,,,30.0,30.0,30.0,16.0,1.0,2.0,,,,6.455795071796198,135.64015862696334,30.01312911493406,6.432962924361803,0.9160294133419973,1.0584644351859782,30.08608993109723
AB_3,0.0,0.0,30.0,,,,19.0,1.0,2.0,0.0,2.7973383494391664,0.41002838660373975,,,,3.2722705566135537,0.8841586779836512,0.9794411358279832,1.3905395177446824
AB_4,0.0,30.0,30.0,,,,11.0,2.0,0.0,19.110847967306256,0.9719677413888477,0.5535757948136378,,,,7.866124046638699,0.4457453000817563,1.807027785759774,5.125881439331495
AB_5,0.0,30.0,30.0,,,,10.0,4.0,3.0,7.5686026625156915,1.240733254806156,0.3225753163890578,,,,7.875190393553543,0.5372980832082899,0.9114200434498214,3.0759699589870935
MC_1000,40.0,42.0,38.0,40.0,49.0,48.0,,,,2.7006294162993147,0.9171595430173192,0.1987766765501091,1.9129511074156405,69.11108257855707,10.186464419877789,,,,14.17117729028621
MC_10000,58.0,60.0,58.0,59.0,57.0,56.0,,,,0.15792624940611874,0.0,0.013140769591952421,0.009957156268712835,14.946222109686513,5.303125703048886,,,,3.4050619980003645
MC_5000,57.0,57.0,58.0,58.0,60.0,57.0,,,,0.0,0.06880659876483254,0.026548722344159954,0.27010645198305605,0.0,3.5186792437944385,,,,0.6473568361477479
