Bot,Wins_as_P1,Time_as_P1,Win Percentage,Average Time,Avg. Heuristic_Eval_Metric
ABE_3,136,112.99907309372864,37.77777777777778,9.416589424477387,4.0118323179280395
ABE_4,140,179.50513770405152,38.888888888888886,14.958761475337626,2.599739888426234
ABE_5,109,550.6254313541564,30.27777777777778,45.885452612846365,0.6598557070634851
AB_3,52,102.61834727885332,14.444444444444445,8.551528939904443,1.6891066551902296
AB_4,73,0.9899155955861164,20.27777777777778,0.08249296629884303,245.8122029982352
AB_5,77,5.898807184915525,21.38888888888889,0.4915672654096271,43.511621692435824
MC_1000,257,98.34332894375093,71.38888888888889,8.195277411979244,8.710978933371791
MC_10000,348,1017.5076106710885,96.66666666666667,84.79230088925738,1.1400406128018363
MC_5000,347,713.574351847537,96.38888888888889,59.46452932062808,1.6209476471119035
